{"i":1000,"val_loss_history":[1.7250831858678],"val_loss_history_it":[1000],"forward_backward_times":{},"opt":{"max_epochs":50,"checkpoint_every":1000,"batch_size":50,"memory_benchmark":0,"init_from":"","grad_clip":5,"model_type":"lstm","lr_decay_every":5,"print_every":1,"wordvec_size":64,"seq_length":50,"input_json":"data\/tiny_shakespeare.json","num_layers":2,"input_h5":"data\/tiny_shakespeare.h5","reset_iterations":1,"rnn_size":128,"dropout":0,"checkpoint_name":"cv\/checkpoint","batchnorm":0,"learning_rate":0.002,"speed_benchmark":0,"gpu_backend":"cuda","lr_decay_factor":0.5,"gpu":-1},"train_loss_history":[4.2102766036987,4.1322178840637,4.0313353538513,3.8893303871155,3.717803478241,3.587034702301,3.4757506847382,3.4474968910217,3.3742234706879,3.3988292217255,3.4052157402039,3.3317563533783,3.4046928882599,3.3122742176056,3.3269937038422,3.3106577396393,3.2860012054443,3.298805475235,3.2672190666199,3.2984364032745,3.2891855239868,3.3336675167084,3.3101460933685,3.2932391166687,3.3240172863007,3.2602174282074,3.2972593307495,3.2721676826477,3.2174115180969,3.268711566925,3.2006258964539,3.221330165863,3.1448023319244,3.1863017082214,3.1501593589783,3.2054495811462,3.1616923809052,3.1714203357697,3.1202664375305,3.0803265571594,3.0455369949341,3.037825345993,3.0677492618561,3.0300600528717,3.0646958351135,3.0219368934631,3.0041499137878,2.9973917007446,3.0016889572144,2.9474368095398,2.9112567901611,2.9073674678802,2.9231231212616,2.8982224464417,2.8152470588684,2.8411161899567,2.8136780261993,2.8354570865631,2.8222455978394,2.781361579895,2.7905430793762,2.757657289505,2.7347187995911,2.7554607391357,2.7048118114471,2.7245054244995,2.7200155258179,2.7108905315399,2.679562330246,2.7203063964844,2.6999816894531,2.6270473003387,2.6181647777557,2.6372625827789,2.6026241779327,2.5866479873657,2.6178314685822,2.5558104515076,2.6301798820496,2.5811145305634,2.582540512085,2.5694370269775,2.544753074646,2.5528335571289,2.5709459781647,2.5720813274384,2.4999616146088,2.56715965271,2.5056965351105,2.5087041854858,2.4936997890472,2.5091626644135,2.4525635242462,2.4768130779266,2.4893329143524,2.4993057250977,2.5058970451355,2.3971633911133,2.4496734142303,2.4590401649475,2.4516816139221,2.430004119873,2.4080271720886,2.4413523674011,2.3997001647949,2.441116809845,2.4456601142883,2.3483347892761,2.3501560688019,2.3813486099243,2.3843224048615,2.4478256702423,2.4274842739105,2.3669455051422,2.4064540863037,2.365490436554,2.4425308704376,2.3349101543427,2.3581387996674,2.3468389511108,2.3311185836792,2.3312113285065,2.3456475734711,2.3531715869904,2.3677096366882,2.3335280418396,2.3415546417236,2.3358101844788,2.3074429035187,2.29825258255,2.3151242733002,2.3218941688538,2.3336539268494,2.2993071079254,2.2931458950043,2.321277141571,2.3209323883057,2.2857069969177,2.2940955162048,2.277982711792,2.3144996166229,2.3020510673523,2.3577272891998,2.3135569095612,2.2382979393005,2.3014125823975,2.2381453514099,2.2953488826752,2.2918937206268,2.2795171737671,2.2577288150787,2.272038936615,2.2625651359558,2.2712049484253,2.246839761734,2.2693133354187,2.2379121780396,2.2369735240936,2.2681381702423,2.2732782363892,2.2562599182129,2.2654316425323,2.2354831695557,2.2495176792145,2.1797997951508,2.2247452735901,2.2023339271545,2.2211995124817,2.2059395313263,2.1901695728302,2.2134053707123,2.1892149448395,2.2414722442627,2.2287058830261,2.2379174232483,2.231368303299,2.199590921402,2.1865582466125,2.228178024292,2.1894669532776,2.1901073455811,2.2065699100494,2.1739041805267,2.1820044517517,2.1376473903656,2.1454722881317,2.1570715904236,2.1832523345947,2.1543827056885,2.1849694252014,2.1897463798523,2.1773028373718,2.1923153400421,2.1246755123138,2.1588933467865,2.1436946392059,2.1601097583771,2.1472184658051,2.0873203277588,2.1380848884583,2.1027283668518,2.1102550029755,2.1031374931335,2.2103157043457,2.1140964031219,2.1650755405426,2.1948347091675,2.1027562618256,2.1317975521088,2.153840303421,2.1400830745697,2.0850970745087,2.0967123508453,2.0871260166168,2.1462450027466,2.1613481044769,2.1150476932526,2.1065707206726,2.1678001880646,2.1775097846985,2.1394410133362,2.0459163188934,2.109283208847,2.0822148323059,2.1014969348907,2.1009497642517,2.1629178524017,2.1229794025421,2.0821363925934,2.0951814651489,2.0775229930878,2.1001100540161,2.0499143600464,2.0860526561737,2.0826387405396,2.075751543045,2.0709762573242,2.0676167011261,2.0462055206299,2.0749495029449,2.0657367706299,2.0548655986786,2.0774302482605,2.0245108604431,2.1104738712311,2.0453732013702,2.0728447437286,2.0451045036316,2.0751948356628,2.0812656879425,2.1375067234039,2.0935320854187,2.0761127471924,2.0583760738373,2.0819623470306,2.0679416656494,2.059198141098,2.0707538127899,2.0600030422211,2.0482630729675,2.0462486743927,2.0767118930817,2.0888650417328,2.005880355835,2.0653562545776,2.0264163017273,2.01296043396,2.0436143875122,2.0366733074188,2.0540392398834,2.0396497249603,2.0430979728699,2.0647485256195,2.0349667072296,2.0540075302124,2.0525155067444,2.0314552783966,2.0388610363007,2.0255570411682,2.0250840187073,2.0065069198608,2.0124225616455,2.0062899589539,2.0360577106476,2.0087063312531,2.0338249206543,2.012145280838,2.0105137825012,2.0107564926147,2.0242559909821,2.0229871273041,1.993635892868,1.9640461206436,2.0017488002777,2.0313577651978,1.9750872850418,1.9935376644135,1.9633241891861,2.0687291622162,1.9914213418961,2.0366179943085,2.0221309661865,1.974426984787,1.973087310791,2.0592882633209,2.0311748981476,2.0295264720917,2.0306651592255,1.9947080612183,1.9979459047318,1.9848277568817,1.9849617481232,1.9958920478821,1.9410225152969,1.9442505836487,1.9811078310013,2.0071241855621,1.9859902858734,1.9968781471252,2.0027804374695,1.9848630428314,1.9996340274811,1.9845062494278,1.9461234807968,1.9932072162628,1.9980750083923,1.9767253398895,1.9597945213318,1.9476984739304,1.9627027511597,2.0100071430206,1.9738240242004,2.0265259742737,1.9939690828323,1.9657098054886,1.9901740550995,1.947731256485,2.0085022449493,1.9306695461273,1.9410396814346,1.977855682373,1.9279583692551,1.9265204668045,2.0131080150604,1.9379054307938,2.0302176475525,1.9390312433243,1.9590902328491,1.9535771608353,1.9293048381805,1.9337258338928,1.9427021741867,1.9349896907806,1.981814622879,1.937793970108,2.0251567363739,2.0191226005554,1.9187898635864,1.9395941495895,1.9130041599274,1.9583302736282,1.9228628873825,1.9517073631287,1.9057656526566,1.944485783577,1.9442505836487,1.9043742418289,1.9014574289322,1.9149084091187,1.9205609560013,1.9833736419678,1.975895524025,1.9320588111877,1.9090238809586,1.9139931201935,1.923220872879,1.9022550582886,1.9133183956146,1.8924281597137,1.8533271551132,1.9477066993713,1.8820978403091,1.8830169439316,1.8692730665207,1.8698816299438,1.9069671630859,1.9237974882126,1.9367451667786,1.9040833711624,1.9138067960739,1.8776867389679,1.9263519048691,1.9452452659607,1.9182171821594,1.8813170194626,1.8799148797989,1.878844499588,1.828496336937,1.8619312047958,1.8686217069626,1.8764783143997,1.9349769353867,1.9184888601303,1.9065052270889,1.8840334415436,1.8868218660355,1.8593082427979,1.8833142518997,1.860564827919,1.8682576417923,1.8489097356796,1.8706767559052,1.8673449754715,1.8760851621628,1.8606779575348,1.9478701353073,1.9074878692627,1.8370749950409,1.8758437633514,1.9211226701736,1.8471012115479,1.8817836046219,1.8677177429199,1.8906109333038,1.9149338006973,1.9203908443451,1.9405914545059,1.9224467277527,1.8787208795547,1.8671927452087,1.9203841686249,1.8810588121414,1.8755714893341,1.8250331878662,1.8793601989746,1.880976319313,1.9046039581299,1.8928806781769,1.9275183677673,1.8598229885101,1.878143787384,1.8944863080978,1.8165187835693,1.8706630468369,1.8297591209412,1.8471784591675,1.8503175973892,1.8583512306213,1.8563538789749,1.833366394043,1.8455392122269,1.8645977973938,1.84645819664,1.7884900569916,1.8242769241333,1.8703722953796,1.8391660451889,1.8242431879044,1.8020001649857,1.7951837778091,1.8260532617569,1.8589189052582,1.8372898101807,1.7730526924133,